{
  "src_folders" : ["tests"],
  "output_folder" : "reports",
  "custom_commands_path" : "",
  "custom_assertions_path" : "",
  "page_objects_path" : "pages",
  "globals_path" : "",
 
  	
"selenium" : {
    "start_process" : true,
    "server_path" : "lib/selenium/selenium-server-standalone-2.53.1.jar",
    "start_session" : true,
    "log_path" : "",
    "host" : "127.0.0.1",
    "port" : 4444,
    "cli_args" : {
      "webdriver.chrome.driver" : "lib/chromedriver.exe",
      "webdriver.ie.driver" : "lib/IEDriverServer.exe"
    }
  },
 
  "test_settings" : {
    "default" : {
      "launch_url" : "https://www.nordstromrack.com",
      "selenium_port"  : 4444,
      "selenium_host"  : "localhost",
      "silent": true,
      "screenshots" : {
        "enabled" : false,
        "path" : ""
      },
      "desiredCapabilities": {
        "browserName": "chrome",
        "javascriptEnabled": true,
        "acceptSslCerts": true
      }
    },
 
    "chrome" : {
      "desiredCapabilities": {
        "browserName": "chrome",
        "javascriptEnabled": true,
        "acceptSslCerts": true
      }
    }
  }
}